cache_misses,cache_load,cache_miss_ratio(%),dTLB_misses,dTLB_load,dTLB_miss_ratio(%),runtime(ms)
268.000000,74429.000000,0.36,26.000000,88.000000,29.55,0.030000
255.000000,71105.000000,0.36,3.000000,41.000000,7.32,0.015000
436.000000,73943.000000,0.59,5.000000,51.000000,9.80,0.033000
498.000000,74024.000000,0.67,2.000000,44.000000,4.55,0.012000
661.000000,74055.000000,0.89,3.000000,40.000000,7.50,0.044000
804.000000,74351.000000,1.08,3.000000,48.000000,6.25,0.039000
914.000000,73982.000000,1.24,3.000000,52.000000,5.77,0.041000
1077.000000,74496.000000,1.45,4.000000,44.000000,9.09,0.044000
1378.000000,74767.000000,1.84,3.000000,61.000000,4.92,0.038000
1635.000000,72372.000000,2.26,3.000000,54.000000,5.56,0.049000
1924.000000,75640.000000,2.54,4.000000,46.000000,8.70,0.033000
2238.000000,72911.000000,3.07,3.000000,56.000000,5.36,0.032000
2354.000000,75554.000000,3.12,4.000000,48.000000,8.33,0.032000
2579.000000,73442.000000,3.51,2.000000,53.000000,3.77,0.029000
2790.000000,73973.000000,3.77,5.000000,69.000000,7.25,0.029000
2701.000000,73528.000000,3.67,6.000000,69.000000,8.70,0.029000
2940.000000,75787.000000,3.88,3.000000,65.000000,4.62,0.030000
3005.000000,76536.000000,3.93,3.000000,69.000000,4.35,0.030000
3010.000000,76957.000000,3.91,5.000000,87.000000,5.75,0.030000
3061.000000,76881.000000,3.98,3.000000,67.000000,4.48,0.029000
2975.000000,73656.000000,4.04,3.000000,81.000000,3.70,0.029000
3055.000000,76570.000000,3.99,5.000000,77.000000,6.49,0.029000
3127.000000,76266.000000,4.10,5.000000,89.000000,5.62,0.030000
3180.000000,76902.000000,4.14,6.000000,99.000000,6.06,0.033000
3120.000000,73916.000000,4.22,4.000000,82.000000,4.88,0.030000
3110.000000,76480.000000,4.07,4.000000,70.000000,5.71,0.029000
3083.000000,73774.000000,4.18,3.000000,78.000000,3.85,0.029000
3297.000000,76695.000000,4.30,4.000000,105.000000,3.81,0.030000
3277.000000,76586.000000,4.28,7.000000,89.000000,7.87,0.030000
3146.000000,73876.000000,4.26,7.000000,94.000000,7.45,0.030000
3145.000000,73818.000000,4.26,6.000000,91.000000,6.59,0.032000
3163.000000,76972.000000,4.11,5.000000,95.000000,5.26,0.014000
3270.000000,76682.000000,4.26,5.000000,114.000000,4.39,0.013000
3126.000000,76418.000000,4.09,6.000000,99.000000,6.06,0.015000
3293.000000,76654.000000,4.30,5.000000,110.000000,4.55,0.014000
3064.000000,74198.000000,4.13,5.000000,102.000000,4.90,0.013000
3166.000000,76459.000000,4.14,3.000000,89.000000,3.37,0.040000
3157.000000,73966.000000,4.27,6.000000,108.000000,5.56,0.029000
3128.000000,76516.000000,4.09,5.000000,105.000000,4.76,0.013000
3280.000000,76687.000000,4.28,6.000000,108.000000,5.56,0.030000
3064.000000,74490.000000,4.11,8.000000,117.000000,6.84,0.036000
3201.000000,76792.000000,4.17,6.000000,116.000000,5.17,0.036000
3214.000000,76517.000000,4.20,7.000000,119.000000,5.88,0.035000
3233.000000,77167.000000,4.19,6.000000,100.000000,6.00,0.038000
3124.000000,73769.000000,4.23,8.000000,125.000000,6.40,0.034000
3028.000000,74163.000000,4.08,7.000000,129.000000,5.43,0.036000
2987.000000,73608.000000,4.06,9.000000,139.000000,6.47,0.044000
3347.000000,76869.000000,4.35,6.000000,155.000000,3.87,0.014000
3043.000000,76727.000000,3.97,8.000000,124.000000,6.45,0.014000
3076.000000,76294.000000,4.03,6.000000,132.000000,4.55,0.014000
3081.000000,73508.000000,4.19,8.000000,147.000000,5.44,0.032000
3125.000000,73988.000000,4.22,8.000000,154.000000,5.19,0.014000
3100.000000,76470.000000,4.05,6.000000,176.000000,3.41,0.014000
3065.000000,74160.000000,4.13,4.000000,141.000000,2.84,0.014000
3317.000000,76820.000000,4.32,9.000000,166.000000,5.42,0.014000
3097.000000,76363.000000,4.06,8.000000,160.000000,5.00,0.014000
3174.000000,76431.000000,4.15,5.000000,203.000000,2.46,0.014000
3258.000000,76879.000000,4.24,7.000000,319.000000,2.19,0.045000
3088.000000,76251.000000,4.05,11.000000,303.000000,3.63,0.033000
3139.000000,76917.000000,4.08,7.000000,335.000000,2.09,0.014000
2844.000000,73774.000000,3.86,7.000000,377.000000,1.86,0.038000
2997.000000,73714.000000,4.07,7.000000,333.000000,2.10,0.031000
3069.000000,76092.000000,4.03,9.000000,528.000000,1.70,0.034000
3148.000000,76143.000000,4.13,4.000000,505.000000,0.79,0.073000
3093.000000,75977.000000,4.07,4.000000,472.000000,0.85,0.034000
3090.000000,76741.000000,4.03,6.000000,525.000000,1.14,0.031000
3062.000000,76123.000000,4.02,10.000000,568.000000,1.76,0.048000
2933.000000,75786.000000,3.87,6.000000,521.000000,1.15,0.033000
3083.000000,73428.000000,4.20,7.000000,452.000000,1.55,0.033000
3072.000000,75895.000000,4.05,5.000000,488.000000,1.02,0.043000
3057.000000,73338.000000,4.17,7.000000,662.000000,1.06,0.034000
3054.000000,76742.000000,3.98,6.000000,656.000000,0.91,0.032000
3057.000000,76038.000000,4.02,6.000000,619.000000,0.97,0.033000
3007.000000,75927.000000,3.96,3.000000,631.000000,0.48,0.032000
3030.000000,76172.000000,3.98,11.000000,631.000000,1.74,0.033000
3050.000000,75953.000000,4.02,9.000000,693.000000,1.30,0.032000
3111.000000,76251.000000,4.08,7.000000,635.000000,1.10,0.034000
2995.000000,76424.000000,3.92,5.000000,725.000000,0.69,0.040000
3043.000000,76369.000000,3.98,5.000000,715.000000,0.70,0.031000
3024.000000,76470.000000,3.95,3.000000,779.000000,0.39,0.032000
2994.000000,74188.000000,4.04,6.000000,807.000000,0.74,0.033000
3076.000000,77212.000000,3.98,8.000000,749.000000,1.07,0.033000
2981.000000,76558.000000,3.89,9.000000,781.000000,1.15,0.089000
2975.000000,76095.000000,3.91,5.000000,841.000000,0.59,0.043000
3130.000000,76739.000000,4.08,9.000000,778.000000,1.16,0.082000
3039.000000,76522.000000,3.97,6.000000,921.000000,0.65,0.032000
2795.000000,73535.000000,3.80,5.000000,847.000000,0.59,0.015000
3005.000000,76517.000000,3.93,6.000000,787.000000,0.76,0.073000
3008.000000,76502.000000,3.93,8.000000,838.000000,0.95,0.033000
3066.000000,76372.000000,4.01,17.000000,1177.000000,1.44,0.046000
3019.000000,76424.000000,3.95,11.000000,871.000000,1.26,0.046000
3086.000000,76344.000000,4.04,9.000000,950.000000,0.95,0.054000
2796.000000,73037.000000,3.83,8.000000,980.000000,0.82,0.098000
3037.000000,76428.000000,3.97,8.000000,932.000000,0.86,0.038000
3073.000000,75939.000000,4.05,8.000000,973.000000,0.82,0.042000
3079.000000,76548.000000,4.02,13.000000,972.000000,1.34,0.038000
3164.000000,77178.000000,4.10,4.000000,1015.000000,0.39,0.052000
2880.000000,73457.000000,3.92,24.000000,1465.000000,1.64,0.026000
2950.000000,76092.000000,3.88,9.000000,1058.000000,0.85,0.043000
2889.000000,76231.000000,3.79,13.000000,1060.000000,1.23,0.066000
2879.000000,73264.000000,3.93,12.000000,1070.000000,1.12,0.041000
2936.000000,76636.000000,3.83,8.000000,987.000000,0.81,0.087000
3058.000000,76483.000000,4.00,4.000000,993.000000,0.40,0.038000
2998.000000,76600.000000,3.91,9.000000,1077.000000,0.84,0.033000
2957.000000,76427.000000,3.87,7.000000,1059.000000,0.66,0.043000
2767.000000,73910.000000,3.74,8.000000,1123.000000,0.71,0.039000
2908.000000,75869.000000,3.83,7.000000,1117.000000,0.63,0.054000
2796.000000,73220.000000,3.82,6.000000,1020.000000,0.59,0.042000
3085.000000,76382.000000,4.04,9.000000,1184.000000,0.76,0.110000
2946.000000,73335.000000,4.02,15.000000,1082.000000,1.39,0.111000
2802.000000,76315.000000,3.67,8.000000,1119.000000,0.71,0.069000
2929.000000,75982.000000,3.85,10.000000,1135.000000,0.88,0.067000
2929.000000,76686.000000,3.82,7.000000,1116.000000,0.63,0.093000
2877.000000,74168.000000,3.88,3.000000,1094.000000,0.27,0.039000
2857.000000,73852.000000,3.87,10.000000,1104.000000,0.91,0.070000
2928.000000,76374.000000,3.83,8.000000,1162.000000,0.69,0.057000
2919.000000,76668.000000,3.81,6.000000,1191.000000,0.50,0.033000
2797.000000,75761.000000,3.69,7.000000,1157.000000,0.61,0.050000
2942.000000,76044.000000,3.87,6.000000,1226.000000,0.49,0.050000
2905.000000,76370.000000,3.80,5.000000,1181.000000,0.42,0.043000
2981.000000,76677.000000,3.89,7.000000,1242.000000,0.56,0.015000
2778.000000,75972.000000,3.66,5.000000,1158.000000,0.43,0.042000
2929.000000,76795.000000,3.81,6.000000,1294.000000,0.46,0.033000
2902.000000,76334.000000,3.80,5.000000,1256.000000,0.40,0.032000
3003.000000,76638.000000,3.92,6.000000,1242.000000,0.48,0.053000
2920.000000,75835.000000,3.85,9.000000,1267.000000,0.71,0.049000
2818.000000,73058.000000,3.86,7.000000,1303.000000,0.54,0.042000
2935.000000,76627.000000,3.83,9.000000,1248.000000,0.72,0.039000
2969.000000,76692.000000,3.87,7.000000,1260.000000,0.56,0.039000
2844.000000,76431.000000,3.72,6.000000,1303.000000,0.46,0.038000
2731.000000,73168.000000,3.73,20.000000,1302.000000,1.54,0.024000
2873.000000,75764.000000,3.79,14.000000,1212.000000,1.16,0.041000
2846.000000,73234.000000,3.89,5.000000,1257.000000,0.40,0.041000
2762.000000,73749.000000,3.75,7.000000,1330.000000,0.53,0.039000
3045.000000,77119.000000,3.95,6.000000,1322.000000,0.45,0.033000
2811.000000,76443.000000,3.68,9.000000,1318.000000,0.68,0.033000
3086.000000,75401.000000,4.09,13.000000,1400.000000,0.93,0.034000
2932.000000,76154.000000,3.85,9.000000,1327.000000,0.68,0.017000
2853.000000,76120.000000,3.75,77.000000,1374.000000,5.60,0.044000
2848.000000,73628.000000,3.87,11.000000,1344.000000,0.82,0.052000
2936.000000,75884.000000,3.87,10.000000,1371.000000,0.73,0.053000
2866.000000,76405.000000,3.75,11.000000,1355.000000,0.81,0.053000
2981.000000,76584.000000,3.89,8.000000,1318.000000,0.61,0.016000
2932.000000,76576.000000,3.83,6.000000,1374.000000,0.44,0.015000
2790.000000,73494.000000,3.80,5.000000,1340.000000,0.37,0.015000
2896.000000,77146.000000,3.75,9.000000,1339.000000,0.67,0.042000
2888.000000,76533.000000,3.77,6.000000,1422.000000,0.42,0.016000
2883.000000,76297.000000,3.78,5.000000,1386.000000,0.36,0.015000
2845.000000,76345.000000,3.73,8.000000,1388.000000,0.58,0.015000
2700.000000,73457.000000,3.68,5.000000,1390.000000,0.36,0.029000
3155.000000,78109.000000,4.04,6.000000,1376.000000,0.44,0.015000
2716.000000,73277.000000,3.71,5.000000,1368.000000,0.37,0.015000
2935.000000,76326.000000,3.85,6.000000,1379.000000,0.44,0.016000
2970.000000,76525.000000,3.88,6.000000,1431.000000,0.42,0.037000
2851.000000,75887.000000,3.76,9.000000,1381.000000,0.65,0.021000
2755.000000,76358.000000,3.61,9.000000,1469.000000,0.61,0.039000
2825.000000,73798.000000,3.83,13.000000,1384.000000,0.94,0.033000
2786.000000,76258.000000,3.65,10.000000,1412.000000,0.71,0.073000
2733.000000,76322.000000,3.58,5.000000,1393.000000,0.36,0.040000
2851.000000,76299.000000,3.74,10.000000,1448.000000,0.69,0.040000
2748.000000,76167.000000,3.61,4.000000,1405.000000,0.28,0.015000
2739.000000,76016.000000,3.60,11.000000,1442.000000,0.76,0.046000
2934.000000,76195.000000,3.85,6.000000,1447.000000,0.41,0.015000
2838.000000,76587.000000,3.71,9.000000,1399.000000,0.64,0.016000
2874.000000,76105.000000,3.78,5.000000,1386.000000,0.36,0.016000
2671.000000,73468.000000,3.64,12.000000,1441.000000,0.83,0.016000
2898.000000,76207.000000,3.80,8.000000,1515.000000,0.53,0.016000
2822.000000,76010.000000,3.71,12.000000,1478.000000,0.81,0.016000
2710.000000,75990.000000,3.57,10.000000,1449.000000,0.69,0.015000
2832.000000,76645.000000,3.69,9.000000,1421.000000,0.63,0.017000
2738.000000,73570.000000,3.72,5.000000,1431.000000,0.35,0.016000
4950.000000,78379.000000,6.32,4.000000,1493.000000,0.27,0.016000
2909.000000,76693.000000,3.79,12.000000,1463.000000,0.82,0.061000
2871.000000,76886.000000,3.73,6.000000,1456.000000,0.41,0.034000
2828.000000,77063.000000,3.67,10.000000,1479.000000,0.68,0.085000
3771.000000,82571.000000,4.57,56.000000,1711.000000,3.27,0.076000
2725.000000,76448.000000,3.56,8.000000,1474.000000,0.54,0.062000
2976.000000,77156.000000,3.86,12.000000,1486.000000,0.81,0.052000
3435.000000,81516.000000,4.21,51.000000,1677.000000,3.04,0.213000
2762.000000,76312.000000,3.62,9.000000,1516.000000,0.59,0.040000
2843.000000,76335.000000,3.72,5.000000,1533.000000,0.33,0.033000
2802.000000,76665.000000,3.65,6.000000,1536.000000,0.39,0.016000
2732.000000,76236.000000,3.58,7.000000,1504.000000,0.47,0.016000
2848.000000,76332.000000,3.73,5.000000,1472.000000,0.34,0.031000
2831.000000,73723.000000,3.84,6.000000,1542.000000,0.39,0.016000
2788.000000,76614.000000,3.64,6.000000,1575.000000,0.38,0.017000
2763.000000,76272.000000,3.62,8.000000,1527.000000,0.52,0.016000
2829.000000,76393.000000,3.70,5.000000,1529.000000,0.33,0.016000
2809.000000,76442.000000,3.67,12.000000,1545.000000,0.78,0.016000
2896.000000,76410.000000,3.79,10.000000,1538.000000,0.65,0.068000
2914.000000,76377.000000,3.82,13.000000,1554.000000,0.84,0.015000
2844.000000,76153.000000,3.73,8.000000,1534.000000,0.52,0.016000
2651.000000,73470.000000,3.61,8.000000,1541.000000,0.52,0.017000
2836.000000,76494.000000,3.71,10.000000,1516.000000,0.66,0.026000
2739.000000,76053.000000,3.60,11.000000,1541.000000,0.71,0.016000
2651.000000,73442.000000,3.61,12.000000,1559.000000,0.77,0.043000
2759.000000,73792.000000,3.74,10.000000,1533.000000,0.65,0.016000
2737.000000,76265.000000,3.59,7.000000,1582.000000,0.44,0.016000
2824.000000,76223.000000,3.70,9.000000,1555.000000,0.58,0.016000
2762.000000,76790.000000,3.60,16.000000,1620.000000,0.99,0.016000
2744.000000,76092.000000,3.61,9.000000,1552.000000,0.58,0.016000
2806.000000,76517.000000,3.67,2.000000,1574.000000,0.13,0.084000
2736.000000,73549.000000,3.72,8.000000,1528.000000,0.52,0.016000
2730.000000,76668.000000,3.56,8.000000,1531.000000,0.52,0.016000
2757.000000,76184.000000,3.62,3.000000,1543.000000,0.19,0.016000
2844.000000,76277.000000,3.73,8.000000,1507.000000,0.53,0.017000
2784.000000,76166.000000,3.66,10.000000,1555.000000,0.64,0.016000
2831.000000,76235.000000,3.71,8.000000,1541.000000,0.52,0.016000
2704.000000,73776.000000,3.67,8.000000,1597.000000,0.50,0.017000
2850.000000,76549.000000,3.72,8.000000,1580.000000,0.51,0.017000
2787.000000,76696.000000,3.63,8.000000,1559.000000,0.51,0.016000
2613.000000,76140.000000,3.43,6.000000,1581.000000,0.38,0.033000
2850.000000,76305.000000,3.74,11.000000,1586.000000,0.69,0.016000
2667.000000,75981.000000,3.51,10.000000,1560.000000,0.64,0.017000
2748.000000,73759.000000,3.73,9.000000,1607.000000,0.56,0.043000
2799.000000,76244.000000,3.67,8.000000,1584.000000,0.51,0.017000
2765.000000,76028.000000,3.64,21.000000,1618.000000,1.30,0.016000
2829.000000,76452.000000,3.70,8.000000,1630.000000,0.49,0.041000
2793.000000,76182.000000,3.67,10.000000,1624.000000,0.62,0.016000
2914.000000,76134.000000,3.83,7.000000,1601.000000,0.44,0.016000
2790.000000,75850.000000,3.68,12.000000,1609.000000,0.75,0.063000
2716.000000,73869.000000,3.68,8.000000,1600.000000,0.50,0.050000
2805.000000,76193.000000,3.68,11.000000,1620.000000,0.68,0.017000
2814.000000,76775.000000,3.67,12.000000,1643.000000,0.73,0.051000
2686.000000,73656.000000,3.65,5.000000,1597.000000,0.31,0.016000
2676.000000,76095.000000,3.52,7.000000,1578.000000,0.44,0.016000
2787.000000,76221.000000,3.66,8.000000,1624.000000,0.49,0.016000
2680.000000,73451.000000,3.65,11.000000,1635.000000,0.67,0.016000
2731.000000,76002.000000,3.59,8.000000,1614.000000,0.50,0.016000
2785.000000,76480.000000,3.64,9.000000,1635.000000,0.55,0.016000
2846.000000,76320.000000,3.73,11.000000,1653.000000,0.67,0.017000
2696.000000,73644.000000,3.66,9.000000,1638.000000,0.55,0.055000
2754.000000,76335.000000,3.61,11.000000,1617.000000,0.68,0.016000
2702.000000,76215.000000,3.55,13.000000,1666.000000,0.78,0.017000
2748.000000,76488.000000,3.59,15.000000,1626.000000,0.92,0.037000
2690.000000,76314.000000,3.52,7.000000,1624.000000,0.43,0.055000
2672.000000,73382.000000,3.64,7.000000,1601.000000,0.44,0.041000
2744.000000,76515.000000,3.59,10.000000,1660.000000,0.60,0.079000
2685.000000,73532.000000,3.65,14.000000,1675.000000,0.84,0.040000
2798.000000,76467.000000,3.66,9.000000,1669.000000,0.54,0.016000
2793.000000,76288.000000,3.66,6.000000,1683.000000,0.36,0.016000
2719.000000,76615.000000,3.55,13.000000,1690.000000,0.77,0.048000
2698.000000,76093.000000,3.55,6.000000,1669.000000,0.36,0.020000
2717.000000,76407.000000,3.56,8.000000,1670.000000,0.48,0.017000
2836.000000,76754.000000,3.69,11.000000,1664.000000,0.66,0.045000
2721.000000,76461.000000,3.56,11.000000,1653.000000,0.67,0.017000
2732.000000,76206.000000,3.59,6.000000,1636.000000,0.37,0.017000
4873.000000,78560.000000,6.20,9.000000,1640.000000,0.55,0.046000
2819.000000,76405.000000,3.69,8.000000,1683.000000,0.48,0.016000
2875.000000,76702.000000,3.75,8.000000,1690.000000,0.47,0.017000
2790.000000,76744.000000,3.64,12.000000,1702.000000,0.71,0.043000
2774.000000,76549.000000,3.62,16.000000,1674.000000,0.96,0.072000
2616.000000,73408.000000,3.56,8.000000,1672.000000,0.48,0.016000
2709.000000,76563.000000,3.54,12.000000,1718.000000,0.70,0.016000
2784.000000,76216.000000,3.65,40.000000,1754.000000,2.28,0.094000
2881.000000,77099.000000,3.74,11.000000,1712.000000,0.64,0.034000
2755.000000,75783.000000,3.64,23.000000,1691.000000,1.36,0.086000
2662.000000,75452.000000,3.53,34.000000,1733.000000,1.96,0.096000
2962.000000,78141.000000,3.79,19.000000,1746.000000,1.09,0.089000
2749.000000,76001.000000,3.62,10.000000,1682.000000,0.59,0.092000
2662.000000,76123.000000,3.50,13.000000,1708.000000,0.76,0.017000
2583.000000,75688.000000,3.41,40.000000,1707.000000,2.34,0.089000
2837.000000,76691.000000,3.70,9.000000,1686.000000,0.53,0.036000
2656.000000,76670.000000,3.46,10.000000,1711.000000,0.58,0.043000
2718.000000,76587.000000,3.55,12.000000,1704.000000,0.70,0.041000
2687.000000,76421.000000,3.52,14.000000,1652.000000,0.85,0.073000
2775.000000,76240.000000,3.64,17.000000,1706.000000,1.00,0.072000
2744.000000,76039.000000,3.61,11.000000,1707.000000,0.64,0.091000
2728.000000,76426.000000,3.57,19.000000,1725.000000,1.10,0.089000
2847.000000,76467.000000,3.72,10.000000,1682.000000,0.59,0.086000
2733.000000,76625.000000,3.57,10.000000,1704.000000,0.59,0.079000
2648.000000,76860.000000,3.45,14.000000,1682.000000,0.83,0.084000
2688.000000,77112.000000,3.49,13.000000,1727.000000,0.75,0.026000
2758.000000,76394.000000,3.61,5.000000,1693.000000,0.30,0.038000
2608.000000,76302.000000,3.42,15.000000,1740.000000,0.86,0.016000
2781.000000,76661.000000,3.63,9.000000,1735.000000,0.52,0.016000
2801.000000,76472.000000,3.66,10.000000,1704.000000,0.59,0.050000
2753.000000,76092.000000,3.62,13.000000,1738.000000,0.75,0.017000
2695.000000,76821.000000,3.51,187.000000,1904.000000,9.82,0.071000
2741.000000,76534.000000,3.58,9.000000,1704.000000,0.53,0.017000
2729.000000,76575.000000,3.56,9.000000,1707.000000,0.53,0.016000
2629.000000,73571.000000,3.57,6.000000,1706.000000,0.35,0.018000
2824.000000,76652.000000,3.68,8.000000,1721.000000,0.46,0.058000
2742.000000,76697.000000,3.58,11.000000,1736.000000,0.63,0.061000
2809.000000,76404.000000,3.68,9.000000,1711.000000,0.53,0.085000
2635.000000,76104.000000,3.46,17.000000,1726.000000,0.98,0.092000
2751.000000,76249.000000,3.61,12.000000,1742.000000,0.69,0.017000
2658.000000,76036.000000,3.50,10.000000,1722.000000,0.58,0.016000
2670.000000,76153.000000,3.51,12.000000,1692.000000,0.71,0.016000
2752.000000,76343.000000,3.60,9.000000,1744.000000,0.52,0.025000
2760.000000,73654.000000,3.75,21.000000,1734.000000,1.21,0.052000
2613.000000,76235.000000,3.43,9.000000,1707.000000,0.53,0.017000
2699.000000,76136.000000,3.54,9.000000,1720.000000,0.52,0.017000
2606.000000,75878.000000,3.43,11.000000,1759.000000,0.63,0.017000
2673.000000,75994.000000,3.52,9.000000,1729.000000,0.52,0.016000
2764.000000,76723.000000,3.60,15.000000,1736.000000,0.86,0.053000
2748.000000,76381.000000,3.60,16.000000,1766.000000,0.91,0.022000
2821.000000,76565.000000,3.68,6.000000,1693.000000,0.35,0.061000
2791.000000,76574.000000,3.64,14.000000,1750.000000,0.80,0.075000
3149.000000,78061.000000,4.03,38.000000,1864.000000,2.04,0.057000
2713.000000,76424.000000,3.55,4.000000,1712.000000,0.23,0.019000
2712.000000,73867.000000,3.67,12.000000,1725.000000,0.70,0.045000
2724.000000,76587.000000,3.56,15.000000,1695.000000,0.88,0.054000
2653.000000,76186.000000,3.48,12.000000,1753.000000,0.68,0.042000
2777.000000,76411.000000,3.63,9.000000,1755.000000,0.51,0.042000
2770.000000,76429.000000,3.62,10.000000,1730.000000,0.58,0.042000
2623.000000,76086.000000,3.45,17.000000,1743.000000,0.98,0.076000
2723.000000,73857.000000,3.69,11.000000,1739.000000,0.63,0.068000
2698.000000,76379.000000,3.53,24.000000,1738.000000,1.38,0.080000
2672.000000,75940.000000,3.52,12.000000,1741.000000,0.69,0.017000
2701.000000,76750.000000,3.52,10.000000,1688.000000,0.59,0.068000
4782.000000,78908.000000,6.06,28.000000,1801.000000,1.55,0.078000
2657.000000,76050.000000,3.49,14.000000,1742.000000,0.80,0.017000
2723.000000,76488.000000,3.56,15.000000,1742.000000,0.86,0.042000
2717.000000,76413.000000,3.56,12.000000,1733.000000,0.69,0.075000
2579.000000,73243.000000,3.52,22.000000,1762.000000,1.25,0.066000
2620.000000,73024.000000,3.59,25.000000,1764.000000,1.42,0.086000
2622.000000,75691.000000,3.46,66.000000,1834.000000,3.60,0.092000
2736.000000,76210.000000,3.59,15.000000,1770.000000,0.85,0.088000
2709.000000,76022.000000,3.56,132.000000,1899.000000,6.95,0.071000
2710.000000,76764.000000,3.53,14.000000,1803.000000,0.78,0.071000
2718.000000,76152.000000,3.57,23.000000,1773.000000,1.30,0.080000
2685.000000,76680.000000,3.50,33.000000,1767.000000,1.87,0.086000
2623.000000,73713.000000,3.56,17.000000,1784.000000,0.95,0.065000
2662.000000,76452.000000,3.48,17.000000,1779.000000,0.96,0.018000
2714.000000,75743.000000,3.58,18.000000,1793.000000,1.00,0.092000
2730.000000,76717.000000,3.56,20.000000,1802.000000,1.11,0.055000
2661.000000,76422.000000,3.48,8.000000,1742.000000,0.46,0.071000
2728.000000,76227.000000,3.58,13.000000,1727.000000,0.75,0.075000
2759.000000,76456.000000,3.61,6.000000,1722.000000,0.35,0.061000
2736.000000,76318.000000,3.58,12.000000,1772.000000,0.68,0.039000
2642.000000,76175.000000,3.47,28.000000,1780.000000,1.57,0.049000
2637.000000,76674.000000,3.44,10.000000,1749.000000,0.57,0.059000
2778.000000,76142.000000,3.65,14.000000,1794.000000,0.78,0.075000
2685.000000,76168.000000,3.53,9.000000,1766.000000,0.51,0.017000
2669.000000,76274.000000,3.50,10.000000,1781.000000,0.56,0.050000
2636.000000,76042.000000,3.47,13.000000,1768.000000,0.74,0.051000
2670.000000,76482.000000,3.49,18.000000,1774.000000,1.01,0.050000
2688.000000,76301.000000,3.52,10.000000,1807.000000,0.55,0.017000
2708.000000,76463.000000,3.54,11.000000,1805.000000,0.61,0.019000
2547.000000,73614.000000,3.46,12.000000,1765.000000,0.68,0.050000
2696.000000,76488.000000,3.52,8.000000,1783.000000,0.45,0.051000
2681.000000,76202.000000,3.52,21.000000,1810.000000,1.16,0.085000
2515.000000,73318.000000,3.43,21.000000,1832.000000,1.15,0.086000
2672.000000,76084.000000,3.51,12.000000,1762.000000,0.68,0.082000
2718.000000,76282.000000,3.56,15.000000,1802.000000,0.83,0.093000
2662.000000,76175.000000,3.49,22.000000,1799.000000,1.22,0.090000
2591.000000,73654.000000,3.52,15.000000,1817.000000,0.83,0.017000
2698.000000,75517.000000,3.57,14.000000,1770.000000,0.79,0.057000
2611.000000,73259.000000,3.56,28.000000,1804.000000,1.55,0.018000
2716.000000,75863.000000,3.58,28.000000,1807.000000,1.55,0.068000
2637.000000,75551.000000,3.49,20.000000,1820.000000,1.10,0.019000
2771.000000,75640.000000,3.66,16.000000,1803.000000,0.89,0.109000
2623.000000,75677.000000,3.47,20.000000,1829.000000,1.09,0.019000
2755.000000,75873.000000,3.63,12.000000,1805.000000,0.66,0.018000
2800.000000,75877.000000,3.69,25.000000,1866.000000,1.34,0.018000
2829.000000,77354.000000,3.66,21.000000,1819.000000,1.15,0.020000
2574.000000,76204.000000,3.38,9.000000,1770.000000,0.51,0.051000
2695.000000,75622.000000,3.56,31.000000,1813.000000,1.71,0.019000
2669.000000,76250.000000,3.50,20.000000,1832.000000,1.09,0.071000
2593.000000,75511.000000,3.43,23.000000,1800.000000,1.28,0.074000
2653.000000,76507.000000,3.47,179.000000,1983.000000,9.03,0.065000
2679.000000,76220.000000,3.51,19.000000,1800.000000,1.06,0.076000
2725.000000,76750.000000,3.55,20.000000,1837.000000,1.09,0.076000
2710.000000,76390.000000,3.55,20.000000,1817.000000,1.10,0.068000
2582.000000,73607.000000,3.51,20.000000,1830.000000,1.09,0.067000
2683.000000,76131.000000,3.52,15.000000,1812.000000,0.83,0.072000
2658.000000,76233.000000,3.49,9.000000,1784.000000,0.50,0.038000
2786.000000,76383.000000,3.65,43.000000,1836.000000,2.34,0.087000
2698.000000,73621.000000,3.66,28.000000,1843.000000,1.52,0.078000
2671.000000,76114.000000,3.51,23.000000,1798.000000,1.28,0.044000
2592.000000,73624.000000,3.52,11.000000,1851.000000,0.59,0.044000
2599.000000,76057.000000,3.42,10.000000,1807.000000,0.55,0.036000
2691.000000,76447.000000,3.52,54.000000,1863.000000,2.90,0.055000
2700.000000,76073.000000,3.55,21.000000,1844.000000,1.14,0.085000
2725.000000,76291.000000,3.57,33.000000,1859.000000,1.78,0.086000
2626.000000,76198.000000,3.45,32.000000,1853.000000,1.73,0.018000
2595.000000,73700.000000,3.52,22.000000,1838.000000,1.20,0.068000
2782.000000,76358.000000,3.64,13.000000,1802.000000,0.72,0.061000
2724.000000,76892.000000,3.54,16.000000,1811.000000,0.88,0.071000
2669.000000,76157.000000,3.50,18.000000,1836.000000,0.98,0.042000
2604.000000,73506.000000,3.54,21.000000,1832.000000,1.15,0.090000
2570.000000,73215.000000,3.51,22.000000,1836.000000,1.20,0.088000
2591.000000,75944.000000,3.41,10.000000,1801.000000,0.56,0.066000
2679.000000,76482.000000,3.50,18.000000,1785.000000,1.01,0.068000
2543.000000,73504.000000,3.46,26.000000,1854.000000,1.40,0.073000
2607.000000,73590.000000,3.54,25.000000,1845.000000,1.36,0.070000
2719.000000,76384.000000,3.56,23.000000,1832.000000,1.26,0.083000
2713.000000,76257.000000,3.56,13.000000,1802.000000,0.72,0.054000
2629.000000,73779.000000,3.56,15.000000,1828.000000,0.82,0.050000
2695.000000,76399.000000,3.53,11.000000,1818.000000,0.61,0.049000
2618.000000,76107.000000,3.44,18.000000,1794.000000,1.00,0.040000
2655.000000,76216.000000,3.48,15.000000,1869.000000,0.80,0.057000
2584.000000,76590.000000,3.37,9.000000,1783.000000,0.50,0.057000
2610.000000,76214.000000,3.42,15.000000,1836.000000,0.82,0.044000
2773.000000,76233.000000,3.64,48.000000,1902.000000,2.52,0.173000
2578.000000,76320.000000,3.38,9.000000,1804.000000,0.50,0.051000
2562.000000,73552.000000,3.48,13.000000,1812.000000,0.72,0.039000
2746.000000,76599.000000,3.58,28.000000,1835.000000,1.53,0.057000
2642.000000,76121.000000,3.47,12.000000,1792.000000,0.67,0.100000
2930.000000,77815.000000,3.77,19.000000,1834.000000,1.04,0.071000
2720.000000,76374.000000,3.56,25.000000,1831.000000,1.37,0.072000
2705.000000,77013.000000,3.51,21.000000,1847.000000,1.14,0.087000
2702.000000,76437.000000,3.53,11.000000,1831.000000,0.60,0.072000
2576.000000,76237.000000,3.38,12.000000,1815.000000,0.66,0.084000
2641.000000,76511.000000,3.45,42.000000,1867.000000,2.25,0.079000
2634.000000,73821.000000,3.57,26.000000,1854.000000,1.40,0.083000
2737.000000,76847.000000,3.56,48.000000,1910.000000,2.51,0.094000
2712.000000,76445.000000,3.55,20.000000,1844.000000,1.08,0.087000
2704.000000,76461.000000,3.54,16.000000,1836.000000,0.87,0.085000
2703.000000,76621.000000,3.53,18.000000,1880.000000,0.96,0.069000
2614.000000,76410.000000,3.42,23.000000,1839.000000,1.25,0.055000
2690.000000,76219.000000,3.53,15.000000,1838.000000,0.82,0.033000
2695.000000,76190.000000,3.54,39.000000,1817.000000,2.15,0.019000
2589.000000,73501.000000,3.52,22.000000,1851.000000,1.19,0.043000
2664.000000,76184.000000,3.50,44.000000,1901.000000,2.31,0.193000
2656.000000,76428.000000,3.48,32.000000,1890.000000,1.69,0.094000
2679.000000,76159.000000,3.52,28.000000,1845.000000,1.52,0.081000
2594.000000,73310.000000,3.54,12.000000,1829.000000,0.66,0.083000
2682.000000,76044.000000,3.53,13.000000,1868.000000,0.70,0.019000
2657.000000,76327.000000,3.48,24.000000,1854.000000,1.29,0.051000
2669.000000,76133.000000,3.51,29.000000,1858.000000,1.56,0.020000
2641.000000,76464.000000,3.45,65.000000,1915.000000,3.39,0.055000
2664.000000,76440.000000,3.49,20.000000,1858.000000,1.08,0.046000
2673.000000,76173.000000,3.51,12.000000,1846.000000,0.65,0.042000
2654.000000,76072.000000,3.49,14.000000,1832.000000,0.76,0.043000
2543.000000,75701.000000,3.36,68.000000,1886.000000,3.61,0.081000
2693.000000,76273.000000,3.53,20.000000,1856.000000,1.08,0.091000
2725.000000,76617.000000,3.56,26.000000,1852.000000,1.40,0.087000
2383.000000,76052.000000,3.13,22.000000,1824.000000,1.21,0.077000
2707.000000,76237.000000,3.55,12.000000,1834.000000,0.65,0.023000
2589.000000,76664.000000,3.38,12.000000,1843.000000,0.65,0.071000
2573.000000,73561.000000,3.50,28.000000,1857.000000,1.51,0.026000
2545.000000,76470.000000,3.33,14.000000,1833.000000,0.76,0.066000
2727.000000,76381.000000,3.57,13.000000,1872.000000,0.69,0.062000
2682.000000,76803.000000,3.49,31.000000,1884.000000,1.65,0.048000
2662.000000,73682.000000,3.61,31.000000,1852.000000,1.67,0.020000
2521.000000,73550.000000,3.43,12.000000,1859.000000,0.65,0.047000
2677.000000,76363.000000,3.51,16.000000,1851.000000,0.86,0.048000
2578.000000,76027.000000,3.39,15.000000,1834.000000,0.82,0.043000
4357.000000,90811.000000,4.80,511.000000,2517.000000,20.30,0.162000
2639.000000,76341.000000,3.46,15.000000,1861.000000,0.81,0.102000
2660.000000,76219.000000,3.49,47.000000,1914.000000,2.46,0.081000
2661.000000,76297.000000,3.49,41.000000,1856.000000,2.21,0.068000
2721.000000,76543.000000,3.55,26.000000,1862.000000,1.40,0.078000
2285.000000,76846.000000,2.97,463.000000,2317.000000,19.98,0.178000
2670.000000,76369.000000,3.50,21.000000,1827.000000,1.15,0.062000
2599.000000,76475.000000,3.40,13.000000,1846.000000,0.70,0.056000
2662.000000,76382.000000,3.49,21.000000,1847.000000,1.14,0.069000
2643.000000,75613.000000,3.50,58.000000,1889.000000,3.07,0.065000
2614.000000,76215.000000,3.43,52.000000,1895.000000,2.74,0.025000
2643.000000,76036.000000,3.48,19.000000,1834.000000,1.04,0.020000
2592.000000,76228.000000,3.40,18.000000,1876.000000,0.96,0.023000
2554.000000,76401.000000,3.34,38.000000,1875.000000,2.03,0.031000
2614.000000,77103.000000,3.39,107.000000,1969.000000,5.43,0.059000
2681.000000,76173.000000,3.52,19.000000,1865.000000,1.02,0.047000
2684.000000,76301.000000,3.52,16.000000,1900.000000,0.84,0.044000
2480.000000,73585.000000,3.37,69.000000,1909.000000,3.61,0.101000
2667.000000,76374.000000,3.49,25.000000,1894.000000,1.32,0.068000
2641.000000,74296.000000,3.55,27.000000,1888.000000,1.43,0.089000
2503.000000,73901.000000,3.39,356.000000,2213.000000,16.09,0.055000
2633.000000,76307.000000,3.45,63.000000,1910.000000,3.30,0.022000
2765.000000,76415.000000,3.62,13.000000,1841.000000,0.71,0.054000
2640.000000,75965.000000,3.48,34.000000,1855.000000,1.83,0.088000
2759.000000,76096.000000,3.63,21.000000,1857.000000,1.13,0.080000
2711.000000,76247.000000,3.56,15.000000,1846.000000,0.81,0.076000
2619.000000,73387.000000,3.57,36.000000,1909.000000,1.89,0.085000
2606.000000,73328.000000,3.55,21.000000,1863.000000,1.13,0.058000
2714.000000,76175.000000,3.56,51.000000,1896.000000,2.69,0.058000
2571.000000,76536.000000,3.36,16.000000,1931.000000,0.83,0.071000
2681.000000,76168.000000,3.52,42.000000,1918.000000,2.19,0.073000
3279.000000,82512.000000,3.97,43.000000,1952.000000,2.20,0.092000
2663.000000,76214.000000,3.49,24.000000,1877.000000,1.28,0.083000
2535.000000,73357.000000,3.46,37.000000,1874.000000,1.97,0.096000
2689.000000,76053.000000,3.54,17.000000,1894.000000,0.90,0.085000
2678.000000,76514.000000,3.50,45.000000,1911.000000,2.35,0.052000
2569.000000,73702.000000,3.49,38.000000,1899.000000,2.00,0.076000
2562.000000,76403.000000,3.35,18.000000,1888.000000,0.95,0.080000
2630.000000,76346.000000,3.44,44.000000,1950.000000,2.26,0.047000
2664.000000,76469.000000,3.48,18.000000,1869.000000,0.96,0.105000
2761.000000,76436.000000,3.61,26.000000,1908.000000,1.36,0.096000
2636.000000,76219.000000,3.46,24.000000,1902.000000,1.26,0.068000
2649.000000,76294.000000,3.47,14.000000,1873.000000,0.75,0.050000
2676.000000,76401.000000,3.50,31.000000,1870.000000,1.66,0.091000
2571.000000,76115.000000,3.38,69.000000,1910.000000,3.61,0.086000
2639.000000,76401.000000,3.45,19.000000,1912.000000,0.99,0.063000
2734.000000,76587.000000,3.57,24.000000,1911.000000,1.26,0.054000
2645.000000,76249.000000,3.47,24.000000,1876.000000,1.28,0.076000
2625.000000,73731.000000,3.56,58.000000,1923.000000,3.02,0.063000
2617.000000,76382.000000,3.43,43.000000,1902.000000,2.26,0.098000
2674.000000,76943.000000,3.48,17.000000,1833.000000,0.93,0.020000
2697.000000,76569.000000,3.52,28.000000,1922.000000,1.46,0.021000
2649.000000,76246.000000,3.47,18.000000,1857.000000,0.97,0.049000
2623.000000,76324.000000,3.44,21.000000,1894.000000,1.11,0.020000
2798.000000,76832.000000,3.64,40.000000,1897.000000,2.11,0.048000
2640.000000,76489.000000,3.45,16.000000,1889.000000,0.85,0.086000
2725.000000,76425.000000,3.57,31.000000,1910.000000,1.62,0.071000
2628.000000,76344.000000,3.44,18.000000,1862.000000,0.97,0.074000
2509.000000,76428.000000,3.28,26.000000,1880.000000,1.38,0.055000
2607.000000,76142.000000,3.42,9.000000,1863.000000,0.48,0.083000
2576.000000,76270.000000,3.38,45.000000,1897.000000,2.37,0.047000
2601.000000,73552.000000,3.54,22.000000,1883.000000,1.17,0.088000
2671.000000,75898.000000,3.52,42.000000,1919.000000,2.19,0.117000
2564.000000,76183.000000,3.37,59.000000,1914.000000,3.08,0.022000
2529.000000,76140.000000,3.32,21.000000,1871.000000,1.12,0.104000
2751.000000,76562.000000,3.59,45.000000,1941.000000,2.32,0.098000
2645.000000,76313.000000,3.47,18.000000,1900.000000,0.95,0.044000
2658.000000,76308.000000,3.48,14.000000,1853.000000,0.76,0.083000
2692.000000,76670.000000,3.51,42.000000,1905.000000,2.20,0.070000
2675.000000,76303.000000,3.51,24.000000,1918.000000,1.25,0.064000
2607.000000,76210.000000,3.42,60.000000,1903.000000,3.15,0.096000
2694.000000,76579.000000,3.52,24.000000,1869.000000,1.28,0.078000
2620.000000,76945.000000,3.41,17.000000,1882.000000,0.90,0.047000
2723.000000,76691.000000,3.55,26.000000,1914.000000,1.36,0.086000
2705.000000,76660.000000,3.53,27.000000,1929.000000,1.40,0.051000
2637.000000,76414.000000,3.45,35.000000,1872.000000,1.87,0.076000
2649.000000,76506.000000,3.46,25.000000,1898.000000,1.32,0.060000
2633.000000,76511.000000,3.44,49.000000,1899.000000,2.58,0.108000
2531.000000,76387.000000,3.31,35.000000,1906.000000,1.84,0.091000
2677.000000,76264.000000,3.51,20.000000,1904.000000,1.05,0.091000
2561.000000,76282.000000,3.36,33.000000,1893.000000,1.74,0.078000
2690.000000,76454.000000,3.52,50.000000,1941.000000,2.58,0.059000
2611.000000,76134.000000,3.43,31.000000,1944.000000,1.59,0.080000
2704.000000,76974.000000,3.51,29.000000,1885.000000,1.54,0.054000
2525.000000,76754.000000,3.29,465.000000,2354.000000,19.75,0.093000
2603.000000,76174.000000,3.42,13.000000,1887.000000,0.69,0.069000
2628.000000,76467.000000,3.44,46.000000,1944.000000,2.37,0.087000
4755.000000,78363.000000,6.07,67.000000,1956.000000,3.43,0.079000
2610.000000,76274.000000,3.42,41.000000,1903.000000,2.15,0.061000
2655.000000,76262.000000,3.48,22.000000,1895.000000,1.16,0.035000
2545.000000,76343.000000,3.33,20.000000,1842.000000,1.09,0.064000
2557.000000,76275.000000,3.35,30.000000,1889.000000,1.59,0.091000
2725.000000,76507.000000,3.56,36.000000,1892.000000,1.90,0.054000
2704.000000,76318.000000,3.54,75.000000,1970.000000,3.81,0.088000
2684.000000,76492.000000,3.51,56.000000,1958.000000,2.86,0.044000
2633.000000,76294.000000,3.45,47.000000,1906.000000,2.47,0.071000
2648.000000,73659.000000,3.59,20.000000,1904.000000,1.05,0.053000
2529.000000,76040.000000,3.33,46.000000,1930.000000,2.38,0.094000
2716.000000,76384.000000,3.56,23.000000,1909.000000,1.20,0.069000
2592.000000,76501.000000,3.39,33.000000,1885.000000,1.75,0.095000
2614.000000,77855.000000,3.36,23.000000,1916.000000,1.20,0.092000
2650.000000,76425.000000,3.47,21.000000,1895.000000,1.11,0.093000
2882.000000,78880.000000,3.65,58.000000,1980.000000,2.93,0.174000
2535.000000,73466.000000,3.45,27.000000,1936.000000,1.39,0.082000
2697.000000,76491.000000,3.53,22.000000,1904.000000,1.16,0.020000
2559.000000,76174.000000,3.36,56.000000,1966.000000,2.85,0.069000
2594.000000,76163.000000,3.41,28.000000,1923.000000,1.46,0.084000
2604.000000,76330.000000,3.41,42.000000,1971.000000,2.13,0.094000
2695.000000,76452.000000,3.53,31.000000,1936.000000,1.60,0.053000
2516.000000,73578.000000,3.42,15.000000,1897.000000,0.79,0.023000
2474.000000,76017.000000,3.25,22.000000,1906.000000,1.15,0.039000
2614.000000,76148.000000,3.43,63.000000,1946.000000,3.24,0.054000
2666.000000,76366.000000,3.49,23.000000,1946.000000,1.18,0.022000
2543.000000,73592.000000,3.46,37.000000,1940.000000,1.91,0.095000
2622.000000,76142.000000,3.44,39.000000,1915.000000,2.04,0.077000
2582.000000,75941.000000,3.40,62.000000,1943.000000,3.19,0.062000
2565.000000,73385.000000,3.50,33.000000,1935.000000,1.71,0.027000
2929.000000,76701.000000,3.82,138.000000,2339.000000,5.90,0.099000
2518.000000,73772.000000,3.41,45.000000,1930.000000,2.33,0.075000
2639.000000,75851.000000,3.48,120.000000,2018.000000,5.95,0.094000
2613.000000,76396.000000,3.42,22.000000,1919.000000,1.15,0.034000
2665.000000,77001.000000,3.46,427.000000,2327.000000,18.35,0.074000
2579.000000,76572.000000,3.37,31.000000,1945.000000,1.59,0.044000
2610.000000,76365.000000,3.42,36.000000,1919.000000,1.88,0.092000
2590.000000,76179.000000,3.40,44.000000,1908.000000,2.31,0.084000
2554.000000,76344.000000,3.35,39.000000,1931.000000,2.02,0.060000
2656.000000,76336.000000,3.48,38.000000,1930.000000,1.97,0.089000
2642.000000,76283.000000,3.46,28.000000,1922.000000,1.46,0.046000
2634.000000,73905.000000,3.56,43.000000,1958.000000,2.20,0.024000
2619.000000,76573.000000,3.42,33.000000,1912.000000,1.73,0.051000
2546.000000,76379.000000,3.33,20.000000,1885.000000,1.06,0.025000
2637.000000,76225.000000,3.46,40.000000,1950.000000,2.05,0.073000
2711.000000,76883.000000,3.53,31.000000,1968.000000,1.58,0.047000
2332.000000,73051.000000,3.19,54.000000,1944.000000,2.78,0.057000
2534.000000,76220.000000,3.32,30.000000,1927.000000,1.56,0.026000
2655.000000,76621.000000,3.47,56.000000,1970.000000,2.84,0.044000
2667.000000,76129.000000,3.50,50.000000,1965.000000,2.54,0.056000
2677.000000,76369.000000,3.51,21.000000,1959.000000,1.07,0.026000
2633.000000,76427.000000,3.45,26.000000,1945.000000,1.34,0.028000
2616.000000,76042.000000,3.44,76.000000,1974.000000,3.85,0.056000
2841.000000,78073.000000,3.64,29.000000,1955.000000,1.48,0.026000
2580.000000,76144.000000,3.39,13.000000,1887.000000,0.69,0.044000
2443.000000,76323.000000,3.20,47.000000,1958.000000,2.40,0.058000
2599.000000,76220.000000,3.41,83.000000,1970.000000,4.21,0.028000
2730.000000,76329.000000,3.58,67.000000,1961.000000,3.42,0.027000
2694.000000,76138.000000,3.54,30.000000,1920.000000,1.56,0.054000
2625.000000,76593.000000,3.43,54.000000,1945.000000,2.78,0.086000
2563.000000,75864.000000,3.38,19.000000,1877.000000,1.01,0.065000
2632.000000,76349.000000,3.45,36.000000,1923.000000,1.87,0.043000
2590.000000,75950.000000,3.41,76.000000,1944.000000,3.91,0.051000
2625.000000,75863.000000,3.46,23.000000,1942.000000,1.18,0.026000
2624.000000,76078.000000,3.45,47.000000,1934.000000,2.43,0.074000
2661.000000,76669.000000,3.47,152.000000,2044.000000,7.44,0.090000
2574.000000,73792.000000,3.49,31.000000,1946.000000,1.59,0.025000
2497.000000,73670.000000,3.39,20.000000,1927.000000,1.04,0.081000
2647.000000,76236.000000,3.47,69.000000,1963.000000,3.52,0.078000
2585.000000,76284.000000,3.39,36.000000,1976.000000,1.82,0.098000
2608.000000,76410.000000,3.41,27.000000,1918.000000,1.41,0.050000
2669.000000,76150.000000,3.50,30.000000,1928.000000,1.56,0.071000
2587.000000,76016.000000,3.40,46.000000,1916.000000,2.40,0.086000
2570.000000,76446.000000,3.36,39.000000,1935.000000,2.02,0.053000
2478.000000,76060.000000,3.26,40.000000,1929.000000,2.07,0.067000
2584.000000,76511.000000,3.38,30.000000,1893.000000,1.58,0.027000
2622.000000,76205.000000,3.44,94.000000,1998.000000,4.70,0.090000
2541.000000,73755.000000,3.45,22.000000,1930.000000,1.14,0.072000
2567.000000,76612.000000,3.35,75.000000,1980.000000,3.79,0.064000
2596.000000,76138.000000,3.41,44.000000,1955.000000,2.25,0.028000
2559.000000,73579.000000,3.48,32.000000,1931.000000,1.66,0.053000
2585.000000,76454.000000,3.38,17.000000,1908.000000,0.89,0.052000
2712.000000,76760.000000,3.53,41.000000,1967.000000,2.08,0.044000
2578.000000,73357.000000,3.51,52.000000,1971.000000,2.64,0.106000
2695.000000,76066.000000,3.54,52.000000,1948.000000,2.67,0.032000
2624.000000,73210.000000,3.58,33.000000,1961.000000,1.68,0.044000
2822.000000,78197.000000,3.61,44.000000,1982.000000,2.22,0.055000
2614.000000,76709.000000,3.41,25.000000,1936.000000,1.29,0.034000
2587.000000,75889.000000,3.41,35.000000,1921.000000,1.82,0.028000
2699.000000,76812.000000,3.51,23.000000,1913.000000,1.20,0.050000
2656.000000,76222.000000,3.48,36.000000,1945.000000,1.85,0.053000
2655.000000,76198.000000,3.48,23.000000,1927.000000,1.19,0.045000
2535.000000,76160.000000,3.33,53.000000,1951.000000,2.72,0.083000
2540.000000,76304.000000,3.33,38.000000,1936.000000,1.96,0.073000
2600.000000,76225.000000,3.41,53.000000,1982.000000,2.67,0.076000
2549.000000,73668.000000,3.46,46.000000,1973.000000,2.33,0.067000
3166.000000,81447.000000,3.89,111.000000,2107.000000,5.27,0.193000
2639.000000,76333.000000,3.46,30.000000,1934.000000,1.55,0.028000
2496.000000,73975.000000,3.37,57.000000,1978.000000,2.88,0.075000
2584.000000,76318.000000,3.39,80.000000,1976.000000,4.05,0.097000
2596.000000,76192.000000,3.41,71.000000,1984.000000,3.58,0.098000
2613.000000,76748.000000,3.40,56.000000,2006.000000,2.79,0.133000
2489.000000,73101.000000,3.40,77.000000,1980.000000,3.89,0.084000
2588.000000,76587.000000,3.38,50.000000,1956.000000,2.56,0.047000
2486.000000,76306.000000,3.26,26.000000,1926.000000,1.35,0.093000
2589.000000,76364.000000,3.39,43.000000,1966.000000,2.19,0.077000
3113.000000,80244.000000,3.88,48.000000,2012.000000,2.39,0.116000
2609.000000,76671.000000,3.40,34.000000,1952.000000,1.74,0.053000
2624.000000,76602.000000,3.43,53.000000,1964.000000,2.70,0.077000
3041.000000,76822.000000,3.96,63.000000,2054.000000,3.07,0.080000
2508.000000,76797.000000,3.27,49.000000,1929.000000,2.54,0.070000
2609.000000,76271.000000,3.42,59.000000,1982.000000,2.98,0.041000
2477.000000,72742.000000,3.41,44.000000,1957.000000,2.25,0.077000
2586.000000,76273.000000,3.39,29.000000,1955.000000,1.48,0.027000
2621.000000,76528.000000,3.42,86.000000,2014.000000,4.27,0.075000
2588.000000,76356.000000,3.39,38.000000,1946.000000,1.95,0.061000
2597.000000,76012.000000,3.42,39.000000,1942.000000,2.01,0.033000
2491.000000,73369.000000,3.40,49.000000,1936.000000,2.53,0.051000
2683.000000,76660.000000,3.50,72.000000,1984.000000,3.63,0.073000
2558.000000,75846.000000,3.37,77.000000,1962.000000,3.92,0.095000
2586.000000,76160.000000,3.40,37.000000,1962.000000,1.89,0.095000
3021.000000,78865.000000,3.83,64.000000,2045.000000,3.13,0.097000
2639.000000,76530.000000,3.45,35.000000,1944.000000,1.80,0.025000
2616.000000,76267.000000,3.43,45.000000,1995.000000,2.26,0.077000
2597.000000,76258.000000,3.41,46.000000,1977.000000,2.33,0.076000
2649.000000,76590.000000,3.46,44.000000,1975.000000,2.23,0.084000
3048.000000,79056.000000,3.86,52.000000,2022.000000,2.57,0.191000
2946.000000,77556.000000,3.80,304.000000,2462.000000,12.35,0.077000
2626.000000,76682.000000,3.42,54.000000,1965.000000,2.75,0.074000
2647.000000,76838.000000,3.44,82.000000,1974.000000,4.15,0.097000
2641.000000,76425.000000,3.46,103.000000,2020.000000,5.10,0.056000
2666.000000,76107.000000,3.50,78.000000,2002.000000,3.90,0.026000
2508.000000,73196.000000,3.43,85.000000,2003.000000,4.24,0.044000
2607.000000,73235.000000,3.56,124.000000,2040.000000,6.08,0.040000
2544.000000,76467.000000,3.33,49.000000,1936.000000,2.53,0.077000
2443.000000,77474.000000,3.15,660.000000,2579.000000,25.59,0.105000
2545.000000,76115.000000,3.34,28.000000,1955.000000,1.43,0.087000
2588.000000,76459.000000,3.38,33.000000,1949.000000,1.69,0.078000
2486.000000,76190.000000,3.26,66.000000,1963.000000,3.36,0.096000
2441.000000,75889.000000,3.22,51.000000,1982.000000,2.57,0.078000
2575.000000,76367.000000,3.37,49.000000,1955.000000,2.51,0.057000
2570.000000,76560.000000,3.36,70.000000,2008.000000,3.49,0.086000
2587.000000,76353.000000,3.39,36.000000,1946.000000,1.85,0.087000
2539.000000,76429.000000,3.32,37.000000,1944.000000,1.90,0.047000
2649.000000,76940.000000,3.44,66.000000,2003.000000,3.30,0.076000
2603.000000,76291.000000,3.41,66.000000,1985.000000,3.32,0.090000
2588.000000,76202.000000,3.40,46.000000,1959.000000,2.35,0.026000
2631.000000,76475.000000,3.44,48.000000,1972.000000,2.43,0.041000
2516.000000,73428.000000,3.43,59.000000,1986.000000,2.97,0.052000
2570.000000,73582.000000,3.49,82.000000,2005.000000,4.09,0.088000
2603.000000,76941.000000,3.38,36.000000,1944.000000,1.85,0.026000
2403.000000,73793.000000,3.26,45.000000,1970.000000,2.28,0.031000
2663.000000,76231.000000,3.49,57.000000,1970.000000,2.89,0.052000
2612.000000,76474.000000,3.42,57.000000,1997.000000,2.85,0.062000
2641.000000,76082.000000,3.47,54.000000,1993.000000,2.71,0.079000
2603.000000,76673.000000,3.39,43.000000,1999.000000,2.15,0.060000
2534.000000,76166.000000,3.33,47.000000,1941.000000,2.42,0.027000
2545.000000,76540.000000,3.33,39.000000,1941.000000,2.01,0.027000
2570.000000,76074.000000,3.38,79.000000,2002.000000,3.95,0.063000
2514.000000,76505.000000,3.29,57.000000,1966.000000,2.90,0.082000
2500.000000,73602.000000,3.40,68.000000,1992.000000,3.41,0.087000
2666.000000,76316.000000,3.49,58.000000,2013.000000,2.88,0.027000
2675.000000,76487.000000,3.50,55.000000,1969.000000,2.79,0.086000
2563.000000,76389.000000,3.36,108.000000,2043.000000,5.29,0.085000
2564.000000,73632.000000,3.48,51.000000,1984.000000,2.57,0.087000
2631.000000,76314.000000,3.45,49.000000,1976.000000,2.48,0.084000
2526.000000,76182.000000,3.32,55.000000,1945.000000,2.83,0.072000
2645.000000,76414.000000,3.46,56.000000,2006.000000,2.79,0.087000
2634.000000,76683.000000,3.43,44.000000,1963.000000,2.24,0.094000
2488.000000,75900.000000,3.28,83.000000,2007.000000,4.14,0.056000
2510.000000,76116.000000,3.30,75.000000,2006.000000,3.74,0.083000
2583.000000,76235.000000,3.39,58.000000,1954.000000,2.97,0.079000
2494.000000,76385.000000,3.27,61.000000,1977.000000,3.09,0.087000
2605.000000,76091.000000,3.42,50.000000,1982.000000,2.52,0.097000
2405.000000,73541.000000,3.27,79.000000,2002.000000,3.95,0.082000
2839.000000,80253.000000,3.54,92.000000,2028.000000,4.54,0.053000
2588.000000,73619.000000,3.52,67.000000,1990.000000,3.37,0.093000
2391.000000,75880.000000,3.15,69.000000,1959.000000,3.52,0.058000
2616.000000,76443.000000,3.42,50.000000,1970.000000,2.54,0.082000
2631.000000,76608.000000,3.43,65.000000,1989.000000,3.27,0.073000
2604.000000,76939.000000,3.38,474.000000,2402.000000,19.73,0.056000
2557.000000,76214.000000,3.36,57.000000,2004.000000,2.84,0.095000
2625.000000,76320.000000,3.44,60.000000,1986.000000,3.02,0.098000
2659.000000,76470.000000,3.48,74.000000,2014.000000,3.67,0.100000
2549.000000,76444.000000,3.33,56.000000,1975.000000,2.84,0.075000
2417.000000,76127.000000,3.17,40.000000,1953.000000,2.05,0.027000
2630.000000,76520.000000,3.44,50.000000,1978.000000,2.53,0.089000
2596.000000,76552.000000,3.39,61.000000,1975.000000,3.09,0.080000
3371.000000,83087.000000,4.06,95.000000,2153.000000,4.41,0.140000
2608.000000,76544.000000,3.41,41.000000,1976.000000,2.07,0.091000
2617.000000,76498.000000,3.42,63.000000,1982.000000,3.18,0.058000
2588.000000,76727.000000,3.37,693.000000,2610.000000,26.55,0.105000
2572.000000,73498.000000,3.50,51.000000,1985.000000,2.57,0.093000
2632.000000,76271.000000,3.45,86.000000,2042.000000,4.21,0.055000
2522.000000,76285.000000,3.31,55.000000,1986.000000,2.77,0.085000
2542.000000,76350.000000,3.33,56.000000,2011.000000,2.78,0.045000
2713.000000,76337.000000,3.55,43.000000,1952.000000,2.20,0.097000
2485.000000,76238.000000,3.26,49.000000,1946.000000,2.52,0.074000
2647.000000,76502.000000,3.46,59.000000,1986.000000,2.97,0.074000
2628.000000,76403.000000,3.44,64.000000,1996.000000,3.21,0.051000
2710.000000,77033.000000,3.52,81.000000,2019.000000,4.01,0.098000
2597.000000,73689.000000,3.52,71.000000,2007.000000,3.54,0.074000
2627.000000,76556.000000,3.43,70.000000,2004.000000,3.49,0.033000
2591.000000,76288.000000,3.40,47.000000,1991.000000,2.36,0.049000
2579.000000,76253.000000,3.38,56.000000,1979.000000,2.83,0.062000
2637.000000,76468.000000,3.45,53.000000,1996.000000,2.66,0.089000
2599.000000,76449.000000,3.40,50.000000,2005.000000,2.49,0.068000
2503.000000,73570.000000,3.40,36.000000,1948.000000,1.85,0.052000
2622.000000,76668.000000,3.42,89.000000,2016.000000,4.41,0.104000
2592.000000,76530.000000,3.39,121.000000,2088.000000,5.80,0.055000
2531.000000,73790.000000,3.43,62.000000,2004.000000,3.09,0.085000
2604.000000,76523.000000,3.40,39.000000,1942.000000,2.01,0.033000
2678.000000,76382.000000,3.51,57.000000,1987.000000,2.87,0.051000
2534.000000,76143.000000,3.33,58.000000,1958.000000,2.96,0.040000
2569.000000,76097.000000,3.38,79.000000,2039.000000,3.87,0.055000
2388.000000,76045.000000,3.14,65.000000,1974.000000,3.29,0.062000
2648.000000,76558.000000,3.46,49.000000,1959.000000,2.50,0.048000
2419.000000,73366.000000,3.30,63.000000,1985.000000,3.17,0.072000
2573.000000,76561.000000,3.36,59.000000,2006.000000,2.94,0.069000
2902.000000,76585.000000,3.79,220.000000,2402.000000,9.16,0.090000
2770.000000,77502.000000,3.57,94.000000,2076.000000,4.53,0.079000
2662.000000,76897.000000,3.46,59.000000,1989.000000,2.97,0.088000
2541.000000,76013.000000,3.34,67.000000,1963.000000,3.41,0.086000
2524.000000,75812.000000,3.33,100.000000,2024.000000,4.94,0.061000
2791.000000,78280.000000,3.57,52.000000,2030.000000,2.56,0.032000
2601.000000,76558.000000,3.40,72.000000,2043.000000,3.52,0.084000
2682.000000,76544.000000,3.50,123.000000,2076.000000,5.92,0.042000
2624.000000,76500.000000,3.43,115.000000,2035.000000,5.65,0.055000
2627.000000,75801.000000,3.47,111.000000,2053.000000,5.41,0.078000
2517.000000,73014.000000,3.45,91.000000,2033.000000,4.48,0.033000
2510.000000,72873.000000,3.44,76.000000,2025.000000,3.75,0.032000
2534.000000,76292.000000,3.32,59.000000,1994.000000,2.96,0.086000
2589.000000,76768.000000,3.37,130.000000,2061.000000,6.31,0.084000
2509.000000,73300.000000,3.42,90.000000,2025.000000,4.44,0.031000
2633.000000,76890.000000,3.42,577.000000,2535.000000,22.76,0.090000
2615.000000,76273.000000,3.43,66.000000,1973.000000,3.35,0.080000
2567.000000,76488.000000,3.36,93.000000,2018.000000,4.61,0.087000
2542.000000,76465.000000,3.32,58.000000,1989.000000,2.92,0.064000
2535.000000,76246.000000,3.32,61.000000,2000.000000,3.05,0.072000
2434.000000,73331.000000,3.32,57.000000,2003.000000,2.85,0.079000
2673.000000,76436.000000,3.50,41.000000,1997.000000,2.05,0.075000
2463.000000,73429.000000,3.35,101.000000,2045.000000,4.94,0.075000
2535.000000,76223.000000,3.33,71.000000,2001.000000,3.55,0.065000
2480.000000,73534.000000,3.37,79.000000,2024.000000,3.90,0.031000
2645.000000,76409.000000,3.46,55.000000,2001.000000,2.75,0.032000
2540.000000,76204.000000,3.33,66.000000,2015.000000,3.28,0.093000
2585.000000,76435.000000,3.38,74.000000,1993.000000,3.71,0.074000
2607.000000,76680.000000,3.40,461.000000,2476.000000,18.62,0.186000
2676.000000,76640.000000,3.49,50.000000,2014.000000,2.48,0.075000
2732.000000,75235.000000,3.63,71.000000,2048.000000,3.47,0.051000
2507.000000,73510.000000,3.41,68.000000,2031.000000,3.35,0.033000
2709.000000,76472.000000,3.54,68.000000,1998.000000,3.40,0.076000
2514.000000,73737.000000,3.41,74.000000,2027.000000,3.65,0.064000
2597.000000,76209.000000,3.41,44.000000,1967.000000,2.24,0.075000
2616.000000,76097.000000,3.44,65.000000,1988.000000,3.27,0.079000
2706.000000,76598.000000,3.53,75.000000,2047.000000,3.66,0.080000
2651.000000,76560.000000,3.46,59.000000,2014.000000,2.93,0.074000
2575.000000,76669.000000,3.36,49.000000,1994.000000,2.46,0.072000
2626.000000,76359.000000,3.44,60.000000,2003.000000,3.00,0.094000
2508.000000,73475.000000,3.41,54.000000,1997.000000,2.70,0.033000
2649.000000,76554.000000,3.46,79.000000,2024.000000,3.90,0.085000
2645.000000,76536.000000,3.46,68.000000,2010.000000,3.38,0.094000
2560.000000,76648.000000,3.34,70.000000,2019.000000,3.47,0.072000
2565.000000,73833.000000,3.47,110.000000,2053.000000,5.36,0.076000
2715.000000,76533.000000,3.55,129.000000,2091.000000,6.17,0.085000
2590.000000,76557.000000,3.38,128.000000,2098.000000,6.10,0.053000
2571.000000,76034.000000,3.38,93.000000,2033.000000,4.57,0.056000
2538.000000,73564.000000,3.45,97.000000,2067.000000,4.69,0.060000
2613.000000,76318.000000,3.42,56.000000,1997.000000,2.80,0.034000
2668.000000,76334.000000,3.50,90.000000,2039.000000,4.41,0.035000
2644.000000,76021.000000,3.48,78.000000,1998.000000,3.90,0.030000
2587.000000,76327.000000,3.39,82.000000,1984.000000,4.13,0.049000
2664.000000,76894.000000,3.46,107.000000,2078.000000,5.15,0.089000
2601.000000,76438.000000,3.40,140.000000,2073.000000,6.75,0.051000
2620.000000,75604.000000,3.47,142.000000,2093.000000,6.78,0.058000
2488.000000,77023.000000,3.23,504.000000,2460.000000,20.49,0.085000
2624.000000,76243.000000,3.44,77.000000,2020.000000,3.81,0.081000
2575.000000,76463.000000,3.37,91.000000,2037.000000,4.47,0.096000
2530.000000,76653.000000,3.30,87.000000,2026.000000,4.29,0.065000
2613.000000,76287.000000,3.43,61.000000,2005.000000,3.04,0.102000
2612.000000,76286.000000,3.42,92.000000,2047.000000,4.49,0.056000
2824.000000,75849.000000,3.72,61.000000,2049.000000,2.98,0.076000
2539.000000,73483.000000,3.46,46.000000,2010.000000,2.29,0.050000
2649.000000,76410.000000,3.47,66.000000,2000.000000,3.30,0.044000
2568.000000,73598.000000,3.49,67.000000,2009.000000,3.33,0.046000
2897.000000,78583.000000,3.69,278.000000,2252.000000,12.34,0.183000
2515.000000,73933.000000,3.40,68.000000,2025.000000,3.36,0.077000
2606.000000,75886.000000,3.43,64.000000,2023.000000,3.16,0.037000
2519.000000,75659.000000,3.33,91.000000,2002.000000,4.55,0.053000
2603.000000,76165.000000,3.42,97.000000,2051.000000,4.73,0.087000
2591.000000,75995.000000,3.41,56.000000,1980.000000,2.83,0.094000
2643.000000,76344.000000,3.46,101.000000,2017.000000,5.01,0.054000
2361.000000,72971.000000,3.24,66.000000,1989.000000,3.32,0.058000
2790.000000,75776.000000,3.68,81.000000,2056.000000,3.94,0.035000
2607.000000,75902.000000,3.43,59.000000,2032.000000,2.90,0.034000
2606.000000,76071.000000,3.43,64.000000,2058.000000,3.11,0.086000
2558.000000,76130.000000,3.36,88.000000,2031.000000,4.33,0.086000
2524.000000,76385.000000,3.30,94.000000,2044.000000,4.60,0.074000
2575.000000,76609.000000,3.36,82.000000,2024.000000,4.05,0.052000
2515.000000,76387.000000,3.29,73.000000,2022.000000,3.61,0.053000
2514.000000,76378.000000,3.29,55.000000,2022.000000,2.72,0.072000
2566.000000,76271.000000,3.36,48.000000,1972.000000,2.43,0.070000
2573.000000,76582.000000,3.36,71.000000,2027.000000,3.50,0.086000
2456.000000,76141.000000,3.23,74.000000,2010.000000,3.68,0.048000
2606.000000,76414.000000,3.41,103.000000,2067.000000,4.98,0.085000
2552.000000,76740.000000,3.33,85.000000,2074.000000,4.10,0.076000
2495.000000,76542.000000,3.26,257.000000,2207.000000,11.64,0.080000
2691.000000,76730.000000,3.51,70.000000,2019.000000,3.47,0.058000
2447.000000,76210.000000,3.21,114.000000,2096.000000,5.44,0.060000
2529.000000,73879.000000,3.42,104.000000,2059.000000,5.05,0.075000
2635.000000,76216.000000,3.46,77.000000,2051.000000,3.75,0.083000
2337.000000,78436.000000,2.98,796.000000,2757.000000,28.87,0.181000
2510.000000,76263.000000,3.29,56.000000,1999.000000,2.80,0.081000
2590.000000,76244.000000,3.40,58.000000,2022.000000,2.87,0.040000
2535.000000,73396.000000,3.45,53.000000,2013.000000,2.63,0.042000
2613.000000,76467.000000,3.42,58.000000,2028.000000,2.86,0.048000
2583.000000,75998.000000,3.40,55.000000,1998.000000,2.75,0.087000
2539.000000,76490.000000,3.32,62.000000,2011.000000,3.08,0.053000
2491.000000,75874.000000,3.28,57.000000,2023.000000,2.82,0.056000
2568.000000,76376.000000,3.36,62.000000,2035.000000,3.05,0.101000
2498.000000,76181.000000,3.28,50.000000,1990.000000,2.51,0.054000
2575.000000,76032.000000,3.39,64.000000,2058.000000,3.11,0.042000
2569.000000,73623.000000,3.49,116.000000,2057.000000,5.64,0.077000
2632.000000,76543.000000,3.44,207.000000,2200.000000,9.41,0.087000
2687.000000,76417.000000,3.52,131.000000,2107.000000,6.22,0.123000
2511.000000,73588.000000,3.41,75.000000,2036.000000,3.68,0.077000
2551.000000,76208.000000,3.35,106.000000,2096.000000,5.06,0.058000
2571.000000,76355.000000,3.37,75.000000,2014.000000,3.72,0.070000
2797.000000,76355.000000,3.66,160.000000,2181.000000,7.34,0.138000
2647.000000,76174.000000,3.47,79.000000,2034.000000,3.88,0.085000
2629.000000,76325.000000,3.44,59.000000,1991.000000,2.96,0.073000
2574.000000,73865.000000,3.48,56.000000,2019.000000,2.77,0.047000
2645.000000,76651.000000,3.45,100.000000,2058.000000,4.86,0.063000
2612.000000,76507.000000,3.41,85.000000,2015.000000,4.22,0.052000
2531.000000,76085.000000,3.33,73.000000,2007.000000,3.64,0.054000
2593.000000,76172.000000,3.40,74.000000,2062.000000,3.59,0.056000
2611.000000,76541.000000,3.41,113.000000,2080.000000,5.43,0.057000
2578.000000,76991.000000,3.35,53.000000,1963.000000,2.70,0.066000
2600.000000,76214.000000,3.41,51.000000,1998.000000,2.55,0.071000
2493.000000,73688.000000,3.38,75.000000,2030.000000,3.69,0.079000
2552.000000,76261.000000,3.35,72.000000,2024.000000,3.56,0.051000
2620.000000,76538.000000,3.42,88.000000,2035.000000,4.32,0.076000
2681.000000,76390.000000,3.51,91.000000,2046.000000,4.45,0.077000
2602.000000,76877.000000,3.38,120.000000,2093.000000,5.73,0.077000
2652.000000,76368.000000,3.47,122.000000,2049.000000,5.95,0.060000
2580.000000,76308.000000,3.38,92.000000,2062.000000,4.46,0.057000
2659.000000,76966.000000,3.45,595.000000,2568.000000,23.17,0.096000
2558.000000,76457.000000,3.35,102.000000,2060.000000,4.95,0.053000
2622.000000,76438.000000,3.43,92.000000,2050.000000,4.49,0.081000
2585.000000,76468.000000,3.38,106.000000,2054.000000,5.16,0.099000
2605.000000,76472.000000,3.41,73.000000,2021.000000,3.61,0.084000
2637.000000,76858.000000,3.43,80.000000,2039.000000,3.92,0.123000
2643.000000,76194.000000,3.47,110.000000,2067.000000,5.32,0.092000
2582.000000,76324.000000,3.38,72.000000,2022.000000,3.56,0.076000
2575.000000,76312.000000,3.37,92.000000,2055.000000,4.48,0.058000
2639.000000,76502.000000,3.45,70.000000,2032.000000,3.44,0.095000
2662.000000,76540.000000,3.48,71.000000,1995.000000,3.56,0.089000
2520.000000,76161.000000,3.31,74.000000,2004.000000,3.69,0.048000
2606.000000,76515.000000,3.41,75.000000,2031.000000,3.69,0.046000
2557.000000,76237.000000,3.35,109.000000,2079.000000,5.24,0.077000
2553.000000,76280.000000,3.35,186.000000,2135.000000,8.71,0.060000
2633.000000,76511.000000,3.44,121.000000,2093.000000,5.78,0.057000
2709.000000,76753.000000,3.53,78.000000,2033.000000,3.84,0.084000
2597.000000,76068.000000,3.41,450.000000,2411.000000,18.66,0.110000
2551.000000,74030.000000,3.45,90.000000,2036.000000,4.42,0.077000
2585.000000,76397.000000,3.38,104.000000,2082.000000,5.00,0.080000
2576.000000,73876.000000,3.49,80.000000,2032.000000,3.94,0.050000
2528.000000,73408.000000,3.44,107.000000,2080.000000,5.14,0.087000
2499.000000,73556.000000,3.40,103.000000,2070.000000,4.98,0.044000
2492.000000,74026.000000,3.37,89.000000,2055.000000,4.33,0.077000
2594.000000,76460.000000,3.39,110.000000,2058.000000,5.34,0.057000
2621.000000,76612.000000,3.42,134.000000,2091.000000,6.41,0.072000
2646.000000,76522.000000,3.46,94.000000,2099.000000,4.48,0.059000
2542.000000,76260.000000,3.33,97.000000,2049.000000,4.73,0.065000
2550.000000,73728.000000,3.46,106.000000,2042.000000,5.19,0.063000
2612.000000,76223.000000,3.43,99.000000,2091.000000,4.73,0.059000
3255.000000,80807.000000,4.03,96.000000,2141.000000,4.48,0.061000
2564.000000,73808.000000,3.47,81.000000,2034.000000,3.98,0.043000
2555.000000,73583.000000,3.47,71.000000,2038.000000,3.48,0.058000
2499.000000,76268.000000,3.28,80.000000,2044.000000,3.91,0.046000
2595.000000,76459.000000,3.39,95.000000,2053.000000,4.63,0.057000
2590.000000,76088.000000,3.40,143.000000,2096.000000,6.82,0.060000
2722.000000,76325.000000,3.57,214.000000,2324.000000,9.21,0.103000
2543.000000,77110.000000,3.30,578.000000,2567.000000,22.52,0.059000
2606.000000,75991.000000,3.43,187.000000,2168.000000,8.63,0.072000
2645.000000,76058.000000,3.48,181.000000,2161.000000,8.38,0.068000
2622.000000,76531.000000,3.43,119.000000,2106.000000,5.65,0.078000
2525.000000,76116.000000,3.32,118.000000,2076.000000,5.68,0.099000
2526.000000,73627.000000,3.43,89.000000,2055.000000,4.33,0.075000
2550.000000,76278.000000,3.34,78.000000,2025.000000,3.85,0.080000
2634.000000,77116.000000,3.42,112.000000,2090.000000,5.36,0.075000
2636.000000,76329.000000,3.45,112.000000,2113.000000,5.30,0.084000
2681.000000,76530.000000,3.50,90.000000,2056.000000,4.38,0.054000
2487.000000,76215.000000,3.26,85.000000,2038.000000,4.17,0.074000
2400.000000,75831.000000,3.16,101.000000,2076.000000,4.87,0.057000
2479.000000,76130.000000,3.26,102.000000,2040.000000,5.00,0.088000
2705.000000,76325.000000,3.54,85.000000,2060.000000,4.13,0.060000
2647.000000,75993.000000,3.48,114.000000,2083.000000,5.47,0.087000
2527.000000,76131.000000,3.32,72.000000,2046.000000,3.52,0.079000
2593.000000,76283.000000,3.40,80.000000,2054.000000,3.89,0.056000
3370.000000,83620.000000,4.03,130.000000,2176.000000,5.97,0.116000
3068.000000,81332.000000,3.77,93.000000,2136.000000,4.35,0.085000
2550.000000,75757.000000,3.37,205.000000,2206.000000,9.29,0.098000
2636.000000,75834.000000,3.48,168.000000,2148.000000,7.82,0.055000
2934.000000,79293.000000,3.70,89.000000,2063.000000,4.31,0.098000
2488.000000,73426.000000,3.39,81.000000,2055.000000,3.94,0.058000
2498.000000,72946.000000,3.42,181.000000,2146.000000,8.43,0.150000
2524.000000,76279.000000,3.31,89.000000,2040.000000,4.36,0.101000
2655.000000,76926.000000,3.45,81.000000,2059.000000,3.93,0.048000
2496.000000,73797.000000,3.38,81.000000,2060.000000,3.93,0.048000
2488.000000,73728.000000,3.37,114.000000,2081.000000,5.48,0.080000
2558.000000,76481.000000,3.34,73.000000,2077.000000,3.51,0.055000
2536.000000,76377.000000,3.32,91.000000,2042.000000,4.46,0.085000
2637.000000,77434.000000,3.41,76.000000,2024.000000,3.75,0.055000
2612.000000,76308.000000,3.42,83.000000,2053.000000,4.04,0.038000
2500.000000,76250.000000,3.28,209.000000,2156.000000,9.69,0.039000
2498.000000,73553.000000,3.40,172.000000,2124.000000,8.10,0.039000
2487.000000,73548.000000,3.38,156.000000,2131.000000,7.32,0.057000
2602.000000,76738.000000,3.39,106.000000,2080.000000,5.10,0.056000
2494.000000,73435.000000,3.40,98.000000,2063.000000,4.75,0.079000
2571.000000,76676.000000,3.35,128.000000,2098.000000,6.10,0.079000
2530.000000,73799.000000,3.43,143.000000,2102.000000,6.80,0.056000
2554.000000,76676.000000,3.33,120.000000,2103.000000,5.71,0.087000
2470.000000,73562.000000,3.36,168.000000,2135.000000,7.87,0.040000
2559.000000,76466.000000,3.35,112.000000,2059.000000,5.44,0.051000
2555.000000,76349.000000,3.35,635.000000,2566.000000,24.75,0.058000
2595.000000,76629.000000,3.39,115.000000,2079.000000,5.53,0.050000
2555.000000,75740.000000,3.37,183.000000,2152.000000,8.50,0.100000
2617.000000,76217.000000,3.43,128.000000,2114.000000,6.05,0.087000
2571.000000,76309.000000,3.37,101.000000,2050.000000,4.93,0.047000
2745.000000,76944.000000,3.57,99.000000,2082.000000,4.76,0.060000
2654.000000,76663.000000,3.46,122.000000,2116.000000,5.77,0.046000
2615.000000,76431.000000,3.42,86.000000,2051.000000,4.19,0.047000
2658.000000,76592.000000,3.47,117.000000,2074.000000,5.64,0.053000
2501.000000,73437.000000,3.41,127.000000,2110.000000,6.02,0.049000
2498.000000,73324.000000,3.41,405.000000,2381.000000,17.01,0.056000
2566.000000,76313.000000,3.36,172.000000,2152.000000,7.99,0.047000
2617.000000,76145.000000,3.44,422.000000,2403.000000,17.56,0.058000
2600.000000,76579.000000,3.40,170.000000,2111.000000,8.05,0.050000
2573.000000,76468.000000,3.36,179.000000,2158.000000,8.29,0.049000
2610.000000,76595.000000,3.41,135.000000,2095.000000,6.44,0.053000
2559.000000,76482.000000,3.35,93.000000,2019.000000,4.61,0.084000
2596.000000,76288.000000,3.40,106.000000,2104.000000,5.04,0.078000
2467.000000,73324.000000,3.36,114.000000,2089.000000,5.46,0.040000
2714.000000,76059.000000,3.57,241.000000,2347.000000,10.27,0.096000
2558.000000,73643.000000,3.47,91.000000,2065.000000,4.41,0.083000
2623.000000,76469.000000,3.43,90.000000,2047.000000,4.40,0.056000
2385.000000,73122.000000,3.26,160.000000,2138.000000,7.48,0.085000
2537.000000,73643.000000,3.44,118.000000,2085.000000,5.66,0.083000
2547.000000,76549.000000,3.33,94.000000,2050.000000,4.59,0.085000
2456.000000,73445.000000,3.34,113.000000,2107.000000,5.36,0.048000
2661.000000,76385.000000,3.48,122.000000,2098.000000,5.82,0.058000
2492.000000,73713.000000,3.38,137.000000,2113.000000,6.48,0.050000
2551.000000,73495.000000,3.47,127.000000,2103.000000,6.04,0.048000
2609.000000,76089.000000,3.43,125.000000,2087.000000,5.99,0.046000
2613.000000,73764.000000,3.54,104.000000,2071.000000,5.02,0.074000
2590.000000,76453.000000,3.39,92.000000,2056.000000,4.47,0.052000
2564.000000,73643.000000,3.48,126.000000,2097.000000,6.01,0.092000
2529.000000,76568.000000,3.30,250.000000,2198.000000,11.37,0.046000
2626.000000,76533.000000,3.43,137.000000,2113.000000,6.48,0.045000
2595.000000,76778.000000,3.38,577.000000,2539.000000,22.73,0.055000
2542.000000,76377.000000,3.33,108.000000,2056.000000,5.25,0.050000
2754.000000,77828.000000,3.54,134.000000,2115.000000,6.34,0.093000
2623.000000,76792.000000,3.42,138.000000,2110.000000,6.54,0.060000
2531.000000,76273.000000,3.32,110.000000,2072.000000,5.31,0.056000
2584.000000,76510.000000,3.38,109.000000,2082.000000,5.24,0.056000
2560.000000,76135.000000,3.36,118.000000,2084.000000,5.66,0.057000
2633.000000,76237.000000,3.45,99.000000,2070.000000,4.78,0.053000
2596.000000,76352.000000,3.40,120.000000,2079.000000,5.77,0.054000
2458.000000,73243.000000,3.36,122.000000,2086.000000,5.85,0.059000
2595.000000,76237.000000,3.40,121.000000,2130.000000,5.68,0.050000
2581.000000,75910.000000,3.40,120.000000,2100.000000,5.71,0.050000
2583.000000,76262.000000,3.39,130.000000,2091.000000,6.22,0.049000
2575.000000,76196.000000,3.38,103.000000,2066.000000,4.99,0.056000
2572.000000,76360.000000,3.37,123.000000,2123.000000,5.79,0.047000
2586.000000,76334.000000,3.39,134.000000,2081.000000,6.44,0.048000
2559.000000,76199.000000,3.36,127.000000,2079.000000,6.11,0.062000
2515.000000,73302.000000,3.43,133.000000,2077.000000,6.40,0.043000
2483.000000,73456.000000,3.38,110.000000,2086.000000,5.27,0.042000
2565.000000,76207.000000,3.37,127.000000,2101.000000,6.04,0.057000
2573.000000,76033.000000,3.38,124.000000,2088.000000,5.94,0.043000
2656.000000,76548.000000,3.47,113.000000,2069.000000,5.46,0.041000
2609.000000,76295.000000,3.42,116.000000,2070.000000,5.60,0.056000
2599.000000,76169.000000,3.41,145.000000,2118.000000,6.85,0.051000
2563.000000,76503.000000,3.35,138.000000,2127.000000,6.49,0.040000
2595.000000,76094.000000,3.41,134.000000,2117.000000,6.33,0.060000
2502.000000,73490.000000,3.40,106.000000,2061.000000,5.14,0.039000
2648.000000,76242.000000,3.47,103.000000,2069.000000,4.98,0.041000
2812.000000,76112.000000,3.69,112.000000,2134.000000,5.25,0.086000
2640.000000,76851.000000,3.44,77.000000,2044.000000,3.77,0.050000
2331.000000,74055.000000,3.15,889.000000,2852.000000,31.17,0.083000
2616.000000,76271.000000,3.43,83.000000,2093.000000,3.97,0.091000
2568.000000,76292.000000,3.37,83.000000,2044.000000,4.06,0.042000
2406.000000,73270.000000,3.28,92.000000,2072.000000,4.44,0.041000
2534.000000,73770.000000,3.44,113.000000,2076.000000,5.44,0.040000
2555.000000,76462.000000,3.34,111.000000,2093.000000,5.30,0.041000
2543.000000,76158.000000,3.34,97.000000,2093.000000,4.63,0.043000
2482.000000,73349.000000,3.38,117.000000,2067.000000,5.66,0.042000
